"Export date: 7/26/2018 | Export time: 10:31",,,,,,,,,,,,
"Amazon Best Sellers",,,,,,,,,,,,
"Average Sales: 139",,,,,,,,,,,,
"Average Sales Rank: 53,264",,,,,,,,,,,,
"Average Price: $28.93",,,,,,,,,,,,
"Average Reviews: 95",,,,,,,,,,,,
,,,,,,,,,,,,,
#,Product Name,Brand,Price,Category,Rank,Sales,Revenue,Reviews,Rating,Seller,LQS,ASIN,Link
"1","Mind Reader Adjustable Height Ergonomic Foot Rest, Black","Mind Reader","$14.99","Office Products","286","4,440","$66,556","309","4","AMZ","N.A.","B07FMGMVT8","https://www.amazon.com/dp/B07FMGMVT8"
"2","AmazonBasics Foot Rest - Black","AmazonBasics","$13.19","Office Products","539","3,115","$41,087","657","4","N.A.","5","B01DN8TG46","https://www.amazon.com/dp/B01DN8TG46"
"3","Sleepy Ride - Airplane Footrest Made with Premium Memory Foam - Airplane Travel Accessories - Tested and Proven to Prevent Swelling and Soreness - Provides Relaxation and Comfort (Jet Black)","Sleepy Ride","$19.97","Office Products","1,067","2,075","$41,438","386","4.5","FBA","5","B01M35M87O","https://www.amazon.com/dp/B01M35M87O"
"4","Rest My Sole - Foot Rest Cushion for Under Desk - Ergonomic Footrest Your Feet Will Love at Home or Office - Resilient Comfort Foam, Non-Slip Lower Surface and Low Profile for Optimum Leg Clearance","Well Desk","$26.95","Office Products","1,159","1,661","$44,764","188","4.5","FBA","8","B075RYDWZH","https://www.amazon.com/dp/B075RYDWZH"
"5","Andyer Andyer Foot Rest, Portable Travel Footrest Flight Carry-On Foot Rest Adjustable Height Foot Rest Travel Accessories Footrests Hammock, Black","Andyer","$10.99","Home & Kitchen","6,169","1,384","$15,210","215","4","FBA","6","B072VJ9BKX","https://www.amazon.com/dp/B072VJ9BKX"
"6","Foot Rest Under Desk Non-Slip Ergonomic Footrest Foam Cushion - Excellent Under Desk Leg Clearance, by Office Ottoman","Office Ottoman","$24.95","Office Products","2,162","999","$24,925","317","4.5","FBA","4","B01BRU9CDW","https://www.amazon.com/dp/B01BRU9CDW"
"7","Office Foot Rest Under Desk: New Ergonomic Footrest Cushion w/Angled Half Cylinder Design for Optimum Leg Clearance: Compact & Supportive Feet Stool Foam Pillow for Home Computer, Work Chair & Travel","Ergonomic Innovations","$23.95","Office Products","3,254","704","$16,861","34","4.5","N.A.","5","B0756H2V6P","https://www.amazon.com/dp/B0756H2V6P"
"8","Bovize - Foot Rest Cushion for Under Desk - Ergonomic Footrest Perfect for Your Feet at Office or Home - Firm Comfort Foam - Anti-Slip Low Surface and Low Profile for Leg Clearance","Bovize","$22.95","Office Products","3,815","410","$9,410","23","5","N.A.","7","B07CQSDKM4","https://www.amazon.com/dp/B07CQSDKM4"
"9","Mount-It! Ergonomic Footrest Adjustable Angle and Height Office Foot Rest Stool For Under Desk Support, 18 x 14 In, 3-Level Height Adjustment, Black (MI-7801)","Mount-It!","$26.49","Office Products","4,585","328","$8,689","93","3.5","FBA","5","B01N0SL2VV","https://www.amazon.com/dp/B01N0SL2VV"
"10","Eureka Ergonomic Tilt Adjustable Footrest with Massage Surface Under Desk, Black & Gray","Eureka Ergonomic","$29.00","Office Products","4,941","765","$22,185","80","4.5","FBA","6","B071DQM9DD","https://www.amazon.com/dp/B071DQM9DD"
"11","Under Desk Foot Rest & Adjustable Footrest - Ergonomic Footrest for Desk Soothes Your Tired & Achy Feet - Office Foot Rest Under Desk with Foot Massager (Charcoal Grey) - Best Footrests by Embody Care","Embody Care","$34.99","Health & Household","11,329","164","$5,738","123","4.5","FBA","6","B071XD87H8","https://www.amazon.com/dp/B071XD87H8"
"12","Fellowes Standard Foot Rest","Fellowes","$12.70","Office Products","6,720","258","$3,277","687","4","N.A.","5","B00006I62X","https://www.amazon.com/dp/B00006I62X"
"13","Foot hammock under desk with headphones holder | Upgraded adjustable ergonomic office feet rest |New Screw in rubber clamps | Suitable for all desks | Black","Deskool","$16.97","Health & Household","15,122","316","$5,363","36","4.5","FBA","5","B0781BQL4X","https://www.amazon.com/dp/B0781BQL4X"
"14","Office Foot Rest Cushion for Under Desk - Bonus Keyboard and Mouse Cushions - Ergonomic Non-Slip High Density Foam - Durable Footrest for Home and Office Your Feet Will Love (Black)","Nurding","$26.95","Office Products","7,224","414","$11,157","16","5","N.A.","9","B07BZDKMZY","https://www.amazon.com/dp/B07BZDKMZY"
"15","Mind Reader Adjustable Height Ergonomic Foot Rest, Black","Mind Reader","$19.99","Home & Kitchen","24,079","360","$7,196","45","3.5","N.A.","N.A.","B07DC1S2P2","https://www.amazon.com/dp/B07DC1S2P2"
"16","HAOBAIMEI Inflatable Travel Foot Rest Pillow, Adjustable Heigh Footrest Cushion for Foot Rest on Airplanes, Cars, Trains, Office, Airplane Bed for Kids/Toddlers to Sleep on Long Haul Flights (Blue)","HAOBAIMEI","$17.88","Home & Kitchen","27,214","222","$3,969","53","4","N.A.","N.A.","B075JBK3QL","https://www.amazon.com/dp/B075JBK3QL"
"17","Ohderii Foot Rest, Portable Travel Footrest Flight Carry-on Foot Rest Office Feet Rest Foot Hammock(Black)","ohderii","$9.95","Office Products","9,128","196","$1,950","234","4","FBA","N.A.","B06WW14HVB","https://www.amazon.com/dp/B06WW14HVB"
"18","Ethereal Designs - Office Foot Rest Under Desk Firm Foam Cushion - Ergonomic Footrest with Non-Slip Base and Optimum Leg Clearance - Relieves Foot Pain w/Premium Comfort - Washable Ottoman Foot Stool","Ethereal Designs","$19.99","Office Products","9,154","225","$4,498","8","5","FBA","7","B00GOZTTPC","https://www.amazon.com/dp/B00GOZTTPC"
"19","Foot Rest Cushion To Relieve Knee Pain, Tired, Aching & Sore Feet. Reduce Deep Vein Thrombosis. Ideal For Office and Home. Anti Slip Cover.","Smart n Comfy","$25.95","Office Products","9,166","226","$5,865","247","4.5","N.A.","5","B01FJ51388","https://www.amazon.com/dp/B01FJ51388"
"20","Kensington Comfort Memory Foam Adjustable Footrest (K56144USF)","Kensington","$32.60","Office Products","10,966","309","$10,073","508","4","N.A.","6","B004UQ40IS","https://www.amazon.com/dp/B004UQ40IS"
"21","Mount-It! Ergonomic Footrest Adjustable Angle and Height Office Foot Rest Stool For Under Desk Support, 18 x 14 In, 3-Level Height Adjustment, Black (MI-7803)","Mount-It!","$22.49","Office Products","11,344","176","$3,958","93","3.5","FBA","5","B01N9JCVES","https://www.amazon.com/dp/B01N9JCVES"
"22","Airplane Travel Accessories, Premium Memory Foam Foot Hammock, Airplane Footrest, Travel Foot Rest. Leg Rest for: Airplane, Train, Bus, Home & Office Accessories","W.A.R.D.","$14.97","Office Products","11,427","175","$2,620","5","5","FBA","8","B07CXMK46T","https://www.amazon.com/dp/B07CXMK46T"
"23","Foot Rest,Fulegy Portable Travel Adjustable Height Travel Accessories Footrest Hammock,Office Feet Rest Foot Hammock (Black)","Gutupet","$8.99","Office Products","12,107","150","$1,349","2","5","FBA","7","B07F7WWPJV","https://www.amazon.com/dp/B07F7WWPJV"
"24","Ergonomic Wood Foot Stool Under Desk Foot Rest with 17.7 Width for Office Home to Relieve Tendon Pains and Improve Blood Circulation","Dr. Foot Rest Wood","$24.95","Health & Household","24,948","200","$4,990","118","4.5","FBA","5","B00XJJ2E76","https://www.amazon.com/dp/B00XJJ2E76"
"25","Ergonomic Footrest, Adjustable Under Desk Foot Rest Cushion,Compact Foot Rocker with 2 Heights For Maximum Comfort by HUANUO","HUANUO","$35.99","Office Products","13,006","204","$7,342","23","4.5","N.A.","5","B079GM5JFR","https://www.amazon.com/dp/B079GM5JFR"
"26","InteVision Foot Cushion (Special Edition) with Non-Slip Nylon Cover (17.5 x 12 x 8) - Designed to Support Your Feet&Legs Comfortably While Sitting on a Bar Stool, Counter-Height Chair in a Kitchen","InteVision","$29.95","Health & Household","27,256","94","$2,815","3","5","FBA","5","B075FDQD83","https://www.amazon.com/dp/B075FDQD83"
"27","NIUMI Inflatable Adjustable Height Travel/Airplane Pillow for Leg/Foot Rest,Airplane Bed for Kids to Lay Down Or Sleep on Long-Haul Flight,Suitable for Airplane, Car, Bus, Trains, Office, Home (Grey)","NIUMI","$16.88","Health & Household","28,773","190","$3,207","1","5","FBA","5","B0794Y9HVT","https://www.amazon.com/dp/B0794Y9HVT"
"28","Mount-It! Adjustable Footrest with Massaging Beads Adjustable Height and Angle Office Foot Rest Stool for Under Desk Support, 3-Level Height Adjustment, Black","Mount-It!","$49.99","Office Products","15,103","240","$11,998","7","3","FBA","7","B07BDMTQFZ","https://www.amazon.com/dp/B07BDMTQFZ"
"29","Eureka Ergonomic Adjustable Footrest with Lockable Angles Under Desk | Bronze","Eureka Ergonomic","$34.99","Office Products","15,234","143","$5,004","80","4.5","FBA","N.A.","B0799FLDT2","https://www.amazon.com/dp/B0799FLDT2"
"30","HURRISE Portable Office Foot Rest With Adjustable Durable Strap Foot Hammock Fixed Firmly Desk Foot Rest for Airplane Traveling(Orange)","HURRISE","$9.99","Office Products","15,335","71","$709","44","3.5","FBA","7","B071SD13TY","https://www.amazon.com/dp/B071SD13TY"
"31","Kensington SoleSaver Adjustable Footrest (K56152US)","Kensington","$15.85","Office Products","15,430","198","$3,138","521","3.5","N.A.","5","B001MS70F2","https://www.amazon.com/dp/B001MS70F2"
"32","Meyoung Foot Rest, Office Footrest Adjustable Foot Hammock for Desk Foot Sling Airplane Travel accessories","Meyoung","$8.99","Office Products","15,517","130","$1,169","115","4","FBA","6","B01N3YEBBX","https://www.amazon.com/dp/B01N3YEBBX"
"33","Foot Rest- Foot Rest Cushion For Under Desk -Office Foot Rest- Foot rest Pillow-Travel Footrest Pillow- Adjustable Foot Rest By PAPERCEO","PAPERCEO","$17.99","Office Products","16,331","40","$720","1","5","N.A.","8","B07CSPCS9S","https://www.amazon.com/dp/B07CSPCS9S"
"34","Foot Hammock Under Desk | Adjustable Desk Foot Rest Hammock Office | Under the Desk Hammock for Feet Suitable for All Desk Types & BONUS Included by 5fold Products (Black)","5FOLD PRODUCTS","$22.89","Office Products","18,017","220","$5,036","45","4.5","FBA","8","B073VKQTMJ","https://www.amazon.com/dp/B073VKQTMJ"
"35","Folding Footrest - Back Relax","Back Relax","$29.99","Health & Household","35,722","134","$4,019","379","4","FBA","3","B000AXTU62","https://www.amazon.com/dp/B000AXTU62"
"36","Kensington SoleMassager Rocking Footrest (K56155US)","Kensington","$29.99","Office Products","19,134","110","$3,299","521","3.5","AMZ","5","B0013F12YO","https://www.amazon.com/dp/B0013F12YO"
"37","Foot Hammock Under Desk Footrest - Portable Desk Feet Hammock with Headphones Holder - Black","iMissiu","$15.99","Office Products","19,883","120","$1,919","6","5","FBA","5","B07C3M678F","https://www.amazon.com/dp/B07C3M678F"
"38","Foot Rest Airplane Travel Footrests Airlines Long Flight Reversible Portable Design (2. Brown Stripe)","SmartTravel","$9.99","Office Products","20,235","67","$669","25","4","FBA","5","B075L6YTM3","https://www.amazon.com/dp/B075L6YTM3"
"39","Foot Rest for Under Desk, Ergonomic Perfectly Angled, Non-Slip, Memory Foam Cushion, Relieves Knee, Leg and Foot Pain, for Office, Home and Travel (Black)","PURE JOURNI","$26.99","Office Products","24,927","96","$2,591","11","4.5","FBA","8","B07868947M","https://www.amazon.com/dp/B07868947M"
"40","InteVision Foot Cushion with Non-Slip Nylon Cover","InteVision","$22.85","Office Products","20,885","84","$1,919","379","4.5","N.A.","3","B00EN9W3UY","https://www.amazon.com/dp/B00EN9W3UY"
"41","Premium Footrest Leg Hammock With Foam Pillow Divider For Airplane Flight Foot Rest For Office And Home Under Desk Air Travel Footstool Carry-on Relaxing Travel Accessory Adults and Children (Green)","JoyUp","$10.97","Health & Household","40,519","65","$713","0","N.A.","FBA","N.A.","B072R1BL8G","https://www.amazon.com/dp/B072R1BL8G"
"42","2 Pack Airplane Footrest, Esee Travel Foot Rest Adjustable Height, Prevent Swelling and Soreness, Provides Relaxation and Comfort, for Plane/Train/Bus/Office (Black and Rose Red)","ESEE","$16.99","Office Products","21,846","90","$1,529","0","N.A.","FBA","N.A.","B07DYJ4LGS","https://www.amazon.com/dp/B07DYJ4LGS"
"43","Cozy Products TT Toasty Toes Ergonomic Heated Foot Warmer","Cozy","$26.74","Sports & Outdoors","31,916","125","$3,343","948","4","N.A.","5","B0013V6PDG","https://www.amazon.com/dp/B0013V6PDG"
"44","AnboCare Foot Rest Cushion for Under Desk - Premium Footrest Memory Foam Pillow Relive Foot and Knee Pain - Half Moon Bolster Cylinder Design for Optimum Leg Clearance - for Home and Office - Black","AnboCare","$23.96","Office Products","23,841","107","$2,564","11","4.5","N.A.","8","B07BX4J7RS","https://www.amazon.com/dp/B07BX4J7RS"
"45","NIUMI Inflatable Adjustable Height Travel Pillow for Leg/Foot Rest, Airplane bed for kids to Lay Down or Sleep on Long-Haul Flight, Footrest Suitable for Airplanes, Car, Bus, Trains,Office,Home (Blue)","NIUMI","$16.88","Toys & Games","31,259","77","$1,300","0","N.A.","FBA","5","B079533NFF","https://www.amazon.com/dp/B079533NFF"
"46","Fellowes Compact Foot Rocker (80240)","Fellowes","$25.96","Office Products","26,727","60","$1,558","255","4","N.A.","5","B002T0FMH0","https://www.amazon.com/dp/B002T0FMH0"
"47","Foot Hammock Under Desk Office with Holder by Hola-Holy: Adjustable Foot Rest Stand Office Desk Hammock: Portable Desk Feet Hammock for All Kind of Desks","Hola-Holy","$15.77","Office Products","26,867","88","$1,388","6","5","FBA","7","B0796VP5PN","https://www.amazon.com/dp/B0796VP5PN"
"48","Nekmit Adjustable Foot Rest Non-Slip Ergonomic Multifunctional Firm Foam Half-Cylinder for Home and Office","Nekmit","$34.99","Office Products","27,661","128","$4,479","51","4.5","FBA","4","B07333WKGR","https://www.amazon.com/dp/B07333WKGR"
"49","Halter F7011 Premium Ergonomic Foot Rest - 13.4 X 21.9 - Adjustable Angle & 3 Different Height Positions - Black","Halter","$24.99","Office Products","28,185","61","$1,524","32","3","FBA","4","B01IRZ9ULE","https://www.amazon.com/dp/B01IRZ9ULE"
"50","DMcore Canvas Foot Rest Hammock, Adjustable Mini Foot Rest Stand Under Desk for Home and Office (Black)","DMcore","$10.99","Office Products","28,305","60","$659","5","4","FBA","5","B071S63HQF","https://www.amazon.com/dp/B071S63HQF"
"51","phelrena Foot Rest,New-Type Portable Adjustable Height Travel Footrest Flight Carry-on Foot Rest Travel Accessories and Office Foot Rests, Best Footrests Hammock for Office Bus Airplane (Black)","phelrena","$9.99","Home & Kitchen","90,115","102","$1,019","53","3.5","FBA","7","B071WJP9MC","https://www.amazon.com/dp/B071WJP9MC"
"52","Office Foot Rest - Therapeutic Grade Memory Foam Cushion Footrest Stool For Under Desk, Home - Elevates & Booster Sore Feet","Desk Jockey","$27.99","Home & Kitchen","91,253","92","$2,575","118","4","FBA","7","B01AK63JXS","https://www.amazon.com/dp/B01AK63JXS"
"53","Alapi - Foot Rest Cushion for Under Desk Decrease Foot Pain at Home Or Office, Non-Slip Lower Surface and Optimum Leg Clearance, Premium Memory Foam Half Moon Bolster Cylinder Design with Cooling Gel","Alapi","$20.92","Office Products","29,250","112","$2,343","11","4.5","N.A.","7","B07C4P7B89","https://www.amazon.com/dp/B07C4P7B89"
"54","Huluwa Foot Hammock Portable Adjustable Office Foot Rest, Mini Under Desk Foot Rest Hammock For Home, Office Study and Relaxing, Black","Huluwa","$11.99","Office Products","29,490","60","$719","10","4.5","FBA","N.A.","B071ZH4BPR","https://www.amazon.com/dp/B071ZH4BPR"
"55","Sleepy Ride - Portable Airplane Footrest (Jet Black)","Sleepy Ride","$14.97","Office Products","31,149","55","$823","49","4","FBA","3","B01D59X7WK","https://www.amazon.com/dp/B01D59X7WK"
"56","Self-Mate Ergonomic Footrest With Adjustable Tilt Angle And Height Position  Comfortable Office Feet Platform with Non-Slip Surface  Improves Posture and Blood Circulation","Self-Mate","$27.99","Office Products","31,163","72","$2,015","14","4","FBA","6","B0722VGX6L","https://www.amazon.com/dp/B0722VGX6L"
"57","Safco Products 2105 Ergo-Comfort 5 High Adjustable Footrest, Black","Safco Products","$26.53","Office Products","31,256","48","$1,273","272","4","N.A.","3","B0013PBSW0","https://www.amazon.com/dp/B0013PBSW0"
"58","Standing Desk Foot Stool | Adjustable Height Ergonomic Footrest Stool for Under Desk Support and for Stand up Desks (Black)","DeskRiser","$39.00","Office Products","33,211","30","$1,170","8","4.5","N.A.","5","B07BTK5Y5K","https://www.amazon.com/dp/B07BTK5Y5K"
"59","Portable Footrest Black","Econo High","$39.00","Office Products","30,646","119","$4,641","402","4.5","FBA","N.A.","B0040529OG","https://www.amazon.com/dp/B0040529OG"
"60","Office Ergonomic Footrest/Computer Fool Stool Under Desk Support/Adjustable foot Stand/Foot Riser w Non-Slip Surface No Rock Back Pain Relief (Black/Gray)","MAX SMART","$31.57","Office Products","33,513","52","$1,642","10","4","N.A.","5","B01G4VHSRG","https://www.amazon.com/dp/B01G4VHSRG"
"61","Nakimo Foot Hammock with An Extra Canvas as A Replacement - Portable Office Under Desk Footrest with Adjustable Durable Ropes, Black","Nakimo","$14.99","Office Products","34,108","60","$899","0","N.A.","N.A.","7","B07CZ3KBV4","https://www.amazon.com/dp/B07CZ3KBV4"
"62","Fellowes Climate Control Footrest (8030901)","Fellowes","$16.43","Office Products","35,216","70","$1,150","263","4","N.A.","5","B0032OREFU","https://www.amazon.com/dp/B0032OREFU"
"63","Easy Living Foot Rest Cushion Under Desk  High Rebounding Foam, Non-Slip Bottom Surface, Optimum Knee Clearance Under Desk  Ergonomically Designed, Your Feet Will Love for Office, Home, Travel","Easy Living","N.A.","Office Products","35,526","380","N.A.","46","5","N.A.","8","B07C97MXNT","https://www.amazon.com/dp/B07C97MXNT"
"64","Safco Products 92311 Remedease Foot Cushion, Black","Safco Products","$31.60","Home & Kitchen","104,128","45","$1,422","831","4.5","N.A.","5","B001MS6XW8","https://www.amazon.com/dp/B001MS6XW8"
"65","Mount-It! Height Adjustable Foot Rest for Standing and Sitting, Freestanding Under the Desk Footrest with Handle and Six Height Settings, Anti-Slip Padded Surface","Mount-It!","$51.99","Office Products","38,120","23","$1,196","5","4","FBA","7","B07583JMB3","https://www.amazon.com/dp/B07583JMB3"
"66","Innovative Compact Portable Footrest Purple - Made In USA","Econo High","$39.00","Office Products","35,203","57","$2,223","402","4.5","FBA","6","B0791MD9R2","https://www.amazon.com/dp/B0791MD9R2"
"67","Business Source Rocking Footrest, 17-3/4 by 13-7/8 by 3-Inch, Black","Business Source","$19.99","Office Products","38,974","14","$280","104","4","FBA","3","B004E3ECRQ","https://www.amazon.com/dp/B004E3ECRQ"
"68","Halter Adjustable Angle Foot Rest - F7012 Premium Footrest, 13.8 X 17.7 - For Office & Home, Adjustable Angle Positions - Black","Halter","$24.99","Health & Household","69,406","123","$3,074","93","4.5","FBA","5","B01IS05UB2","https://www.amazon.com/dp/B01IS05UB2"
"69","AGPtEK Adjustable Ergonomic Foot Rest for Office and Home Use, Foot Stand Under Desk, Adjustable Angle & 3 Different Height Positions, 18.1 X 13.3 - Black","AGPTEK","$26.99","Office Products","39,635","45","$1,215","8","4","FBA","N.A.","B071PFN4Z5","https://www.amazon.com/dp/B071PFN4Z5"
"70","Kantek Premium Adjustable Footrest with Rollers, 4 to 6.5 Inch Height, Black (FR750)","Kantek","$13.74","Office Products","42,408","49","$673","244","3.5","N.A.","6","B004RTT8DA","https://www.amazon.com/dp/B004RTT8DA"
"71","DEMTER Premium Canvas Foot Hammock - Comfortable Feet Hammock Under Desk Footrest Stool, Ergonomic, Adjustable & Portable Foot Rest Hammock Stand for Office and Home, Black","DEMTER","$16.99","Office Products","43,637","27","$459","98","3.5","FBA","7","B07CWY8JF8","https://www.amazon.com/dp/B07CWY8JF8"
"72","SlowTon Travel Foot Rest and Sleep Mask set, Portable Footrest Flight Relaxed and Comfortable Foot Rest Adjustable Height Office Hammock Super-smooth Silk Sleep Eye Mask (Black)","SlowTon","$12.99","Home & Kitchen","127,951","90","$1,169","3","5","FBA","N.A.","B078JYZP8G","https://www.amazon.com/dp/B078JYZP8G"
"73","Foot Rest Cushion for Under Desk  Ergonomic Half Cylinder Pad Bolster That Fits on Heel Arc Or Back Ankle | Anti Slip Cover & Feet Support Pillow for Home, Office Or Spa","Moodino","$25.75","Office Products","44,572","23","$592","4","5","N.A.","8","B07BS15BMQ","https://www.amazon.com/dp/B07BS15BMQ"
"74","Mount-It! Ergonomic Footrest With Massaging Rollers Adjustable Angle and Height Office Foot Rest Stool For Under Desk Support, 18 x 13 In, 3-Level Height Adjustment, Black","Mount-It!","$37.99","Office Products","44,868","17","$646","7","3","FBA","7","B07BDP3YV6","https://www.amazon.com/dp/B07BDP3YV6"
"75","VIVO Black Ergonomic Height Adjustable Standing Foot Rest Relief Platform for Standing Desk (STAND-FT01)","VIVO","$44.99","Office Products","47,129","120","$5,399","13","4","FBA","7","B0763RMV58","https://www.amazon.com/dp/B0763RMV58"
"76","Adjustable Footrest for Home Office, Or Under Desk Ergonomic Massaging Foot Rest (Footstool) (Standard)","HomeTown Market","$98.88","Office Products","47,144","40","$3,955","4","4.5","FBA","6","B07DB2YNKM","https://www.amazon.com/dp/B07DB2YNKM"
"77","PRAVETTE Ergonomic Foot Rest (Travel, Airplane) - Black","PRAVETTE","$9.99","Home & Kitchen","148,867","60","$599","0","N.A.","N.A.","6","B07FPDRMR6","https://www.amazon.com/dp/B07FPDRMR6"
"78","Safco Products 2106 Ergo-Comfort 8 High Adjustable Footrest, Black","Safco Products","$42.34","Home & Kitchen","152,297","54","$2,286","272","4","N.A.","4","B001MS6VUW","https://www.amazon.com/dp/B001MS6VUW"
"79","MyGift 15-inch Burnt Wood Ergonomic Under-Desk Footrest","MyGift","$29.99","Office Products","48,616","11","$330","0","N.A.","FBA","7","B07C2BXLYD","https://www.amazon.com/dp/B07C2BXLYD"
"80","Aidata FR003 Ergo Plus Footrest, Ergonomic Design, Foot Stand Stool Rest, Adjustable","Aidata","$19.99","Office Products","49,217","10","$200","17","3.5","FBA","3","B008DEAN66","https://www.amazon.com/dp/B008DEAN66"
"81","Wooden Folding Foot Rest","MSR","$19.95","Office Products","51,284","54","$1,077","24","4","FBA","3","B01M149FKU","https://www.amazon.com/dp/B01M149FKU"
"82","Elelink Portable Adjustable Mini Office Foot Rest/Foot Stool Stand Desk Foot Hammock with Headphones Holder, Footrest with Upgraded Screw In Rubber Clamps Suitable for All Desk Types(Black)","Elelink","$17.70","Home & Kitchen","164,829","60","$1,062","4","5","FBA","N.A.","B01LXXOHD1","https://www.amazon.com/dp/B01LXXOHD1"
"83","Auto Adjustable Footrest,Ergonomic Comfortable Height-Adjustable Footstool for Home and Office (Heavy Frame)","Annstory","$63.99","Office Products","53,600","43","$2,752","13","4","FBA","5","B076T1J7V1","https://www.amazon.com/dp/B076T1J7V1"
"84","Airplane Footrest Foot Rest for Airplane Travel Office, Portable Hammock Footrest with Memory Foam Plus Sleep Mask and Earplugs Travel Accessories Portable Carry-on for Sleep Relax","Anxingo","$11.56","Office Products","54,822","73","$844","3","5","FBA","N.A.","B07CRJM7D6","https://www.amazon.com/dp/B07CRJM7D6"
"85","Halter F6033 Premium Ergonomic Foot Rest - 16.3 X 11.8 - Adjustable Angle & 2 Different Height Positions - Black","Halter","$19.99","Office Products","56,442","52","$1,039","46","3","FBA","4","B01MTAH1AO","https://www.amazon.com/dp/B01MTAH1AO"
"86","Adjustable Footrest For Home Office, Or Under Desk ergonomic Massaging Foot Rest (Footstool) (Massaging Adjustable)","HomeTown Market","$108.88","Office Products","53,586","25","$2,722","4","4.5","FBA","6","B07D26HWGX","https://www.amazon.com/dp/B07D26HWGX"
"87","Foot Hammock Under Desk | Desk Foot Rest Hammock Office | Under The Desk Hammock for Feet Suitable for All Desk Types & Bonus Included by 5fold Products (Red)","5FOLD PRODUCTS","$20.69","Office Products","59,694","36","$745","45","4.5","FBA","7","B078MKRMKN","https://www.amazon.com/dp/B078MKRMKN"
"88","CHUANGLI Portable Foot Hammock Resting Foot Swing Footrest Adjustable Mini Office Foot Rest Desk Travel Pillows Leg Hammock Orange","CHUANGLI","$14.99","Patio, Lawn & Garden","43,257","60","$899","0","N.A.","FBA","N.A.","B06X6LR7NK","https://www.amazon.com/dp/B06X6LR7NK"
"89","Foot Rest-Portable Adjustable Height Travel Accessories,Foot Rest Hammock,Travel Footrest for Office Bus Airplane (Black)","FuWinet","$9.99","Office Products","62,479","12","$120","1","5","N.A.","N.A.","B07B9X4HH3","https://www.amazon.com/dp/B07B9X4HH3"
"90","ergoCentric Leg Rest, LR","Ergocentric","$140.00","Office Products","63,352","27","$3,780","15","5","N.A.","N.A.","B005QHJ1NY","https://www.amazon.com/dp/B005QHJ1NY"
"91","Mount-It! Ergonomic Footrest Adjustable Angle and Height Office Foot Rest Stool For Under Desk Support, 18 x 14 In, 3-Level Height Adjustment, Black (MI-7804)","Mount-It!","$22.49","Office Products","64,424","84","$1,889","93","3.5","FBA","5","B01N6ILZ4I","https://www.amazon.com/dp/B01N6ILZ4I"
"92","Foot Rest Cushion, Half Cylinder Design, for Home and Office (Large 17.7  Long by 11.8 Wide by 6 Tall)","Essentials Home & Office","$24.75","Office Products","65,410","78","$1,931","145","4.5","FBA","4","B01CUOPYWM","https://www.amazon.com/dp/B01CUOPYWM"
"93","Kensington 56144 Solemate Plus Adjustable Footrest With Foam Pad","Kensington","$46.15","Home & Kitchen","215,836","60","$2,769","40","4","N.A.","3","B0002DR45E","https://www.amazon.com/dp/B0002DR45E"
"94","Mini Office Foot Rest Stand, Adjustable Desk Feet Hammock Replace Footstools for Home, Office Study and Relaxing, 1pc/Box (Black)","Maddott","$11.99","Office Products","68,130","43","$516","16","3.5","FBA","4","B0748844CP","https://www.amazon.com/dp/B0748844CP"
"95","EWH Portable Foot Rest","North Coast","$40.00","Office Products","70,257","37","$1,480","134","4","N.A.","3","B000ASB6E6","https://www.amazon.com/dp/B000ASB6E6"
"96","KARECEL Foot Rest Airplane Footrest Plus Eye Mask, [Upgraded] Foot Hammock Office Under Desk Footrest with Contoured Memory Foam Sleep Mask, Portable Footrest Travel Accessories for Home Plane Bus","Karecel","$13.99","Office Products","70,296","68","$951","0","N.A.","N.A.","7","B07DHKNH2Y","https://www.amazon.com/dp/B07DHKNH2Y"
"97","Airplane Footrest Travel Footrest Portable Adjustable Travel Foot Hammock for Airplane Office","Femose","$16.99","Office Products","70,486","13","$221","0","N.A.","FBA","6","B07D6MDRRG","https://www.amazon.com/dp/B07D6MDRRG"
"98","Stroller Footrest, Footrest Footboard Sleepping Extend Board For Babyzen YOYO YOYO+ Stroller Prams","ROMIRUS","$18.99","Baby","30,358","37","$703","3","4","FBA","N.A.","B073PWTZKH","https://www.amazon.com/dp/B073PWTZKH"
"99","Foot Rest Airplane Travel Footrests Hammock, 2PCS under Desk Footrest for Office (Black)","Petutu","N.A.","Office Products","71,924","90","N.A.","2","5","N.A.","N.A.","B07BF5QGLB","https://www.amazon.com/dp/B07BF5QGLB"
"100","Fellowes I-Spire Series Foot Cushion/Rest, Black (9472801)","Fellowes","$25.00","Office Products","72,415","< 5","< $125","24","3.5","N.A.","5","B0114MSJP0","https://www.amazon.com/dp/B0114MSJP0"
"101","phelrena Foot Rest,New-Type Portable Adjustable Height Travel Footrest Flight Carry-on Foot Rest Travel Accessories and Office Foot Rests, Best Footrests Hammock for Office Bus Airplane (Black)","phelrena","$9.99","Home & Kitchen","90,115","102","$1,019","53","3.5","FBA","7","B071WJP9MC","https://www.amazon.com/dp/B071WJP9MC"
"102","Office Foot Rest - Therapeutic Grade Memory Foam Cushion Footrest Stool For Under Desk, Home - Elevates & Booster Sore Feet","Desk Jockey","$27.99","Home & Kitchen","91,253","92","$2,575","118","4","FBA","7","B01AK63JXS","https://www.amazon.com/dp/B01AK63JXS"
"103","Alapi - Foot Rest Cushion for Under Desk Decrease Foot Pain at Home Or Office, Non-Slip Lower Surface and Optimum Leg Clearance, Premium Memory Foam Half Moon Bolster Cylinder Design with Cooling Gel","Alapi","$20.92","Office Products","29,250","112","$2,343","11","4.5","N.A.","7","B07C4P7B89","https://www.amazon.com/dp/B07C4P7B89"
"104","Huluwa Foot Hammock Portable Adjustable Office Foot Rest, Mini Under Desk Foot Rest Hammock For Home, Office Study and Relaxing, Black","Huluwa","$11.99","Office Products","29,490","60","$719","10","4.5","FBA","N.A.","B071ZH4BPR","https://www.amazon.com/dp/B071ZH4BPR"
"105","Sleepy Ride - Portable Airplane Footrest (Jet Black)","Sleepy Ride","$14.97","Office Products","31,149","55","$823","49","4","FBA","3","B01D59X7WK","https://www.amazon.com/dp/B01D59X7WK"
"106","Self-Mate Ergonomic Footrest With Adjustable Tilt Angle And Height Position  Comfortable Office Feet Platform with Non-Slip Surface  Improves Posture and Blood Circulation","Self-Mate","$27.99","Office Products","31,163","72","$2,015","14","4","FBA","6","B0722VGX6L","https://www.amazon.com/dp/B0722VGX6L"
"107","Safco Products 2105 Ergo-Comfort 5 High Adjustable Footrest, Black","Safco Products","$26.53","Office Products","31,256","48","$1,273","272","4","N.A.","3","B0013PBSW0","https://www.amazon.com/dp/B0013PBSW0"
"108","Standing Desk Foot Stool | Adjustable Height Ergonomic Footrest Stool for Under Desk Support and for Stand up Desks (Black)","DeskRiser","$39.00","Office Products","33,211","30","$1,170","8","4.5","N.A.","5","B07BTK5Y5K","https://www.amazon.com/dp/B07BTK5Y5K"
"109","Portable Footrest Black","Econo High","$39.00","Office Products","33,413","119","$4,641","402","4.5","FBA","N.A.","B0040529OG","https://www.amazon.com/dp/B0040529OG"
"110","Office Ergonomic Footrest/Computer Fool Stool Under Desk Support/Adjustable foot Stand/Foot Riser w Non-Slip Surface No Rock Back Pain Relief (Black/Gray)","MAX SMART","$31.57","Office Products","33,513","52","$1,642","10","4","N.A.","5","B01G4VHSRG","https://www.amazon.com/dp/B01G4VHSRG"
"111","Nakimo Foot Hammock with An Extra Canvas as A Replacement - Portable Office Under Desk Footrest with Adjustable Durable Ropes, Black","Nakimo","$14.99","Office Products","34,108","60","$899","0","N.A.","N.A.","7","B07CZ3KBV4","https://www.amazon.com/dp/B07CZ3KBV4"
"112","Fellowes Climate Control Footrest (8030901)","Fellowes","$16.43","Office Products","35,216","70","$1,150","263","4","N.A.","5","B0032OREFU","https://www.amazon.com/dp/B0032OREFU"
"113","Easy Living Foot Rest Cushion Under Desk  High Rebounding Foam, Non-Slip Bottom Surface, Optimum Knee Clearance Under Desk  Ergonomically Designed, Your Feet Will Love for Office, Home, Travel","Easy Living","N.A.","Office Products","35,526","380","N.A.","46","5","N.A.","8","B07C97MXNT","https://www.amazon.com/dp/B07C97MXNT"
"114","Safco Products 92311 Remedease Foot Cushion, Black","Safco Products","$31.60","Home & Kitchen","104,128","45","$1,422","831","4.5","N.A.","5","B001MS6XW8","https://www.amazon.com/dp/B001MS6XW8"
"115","Mount-It! Height Adjustable Foot Rest for Standing and Sitting, Freestanding Under the Desk Footrest with Handle and Six Height Settings, Anti-Slip Padded Surface","Mount-It!","$51.99","Office Products","38,120","23","$1,196","5","4","FBA","7","B07583JMB3","https://www.amazon.com/dp/B07583JMB3"
"116","Innovative Compact Portable Footrest Purple - Made In USA","Econo High","$39.00","Office Products","35,203","57","$2,223","402","4.5","FBA","6","B0791MD9R2","https://www.amazon.com/dp/B0791MD9R2"
"117","Business Source Rocking Footrest, 17-3/4 by 13-7/8 by 3-Inch, Black","Business Source","$19.99","Office Products","38,974","14","$280","104","4","FBA","3","B004E3ECRQ","https://www.amazon.com/dp/B004E3ECRQ"
"118","Halter Adjustable Angle Foot Rest - F7012 Premium Footrest, 13.8 X 17.7 - For Office & Home, Adjustable Angle Positions - Black","Halter","$24.99","Health & Household","69,406","123","$3,074","93","4.5","FBA","5","B01IS05UB2","https://www.amazon.com/dp/B01IS05UB2"
"119","AGPtEK Adjustable Ergonomic Foot Rest for Office and Home Use, Foot Stand Under Desk, Adjustable Angle & 3 Different Height Positions, 18.1 X 13.3 - Black","AGPTEK","$26.99","Office Products","39,635","45","$1,215","8","4","FBA","N.A.","B071PFN4Z5","https://www.amazon.com/dp/B071PFN4Z5"
"120","Kantek Premium Adjustable Footrest with Rollers, 4 to 6.5 Inch Height, Black (FR750)","Kantek","$13.74","Office Products","38,993","49","$673","244","3.5","N.A.","6","B004RTT8DA","https://www.amazon.com/dp/B004RTT8DA"
"121","DEMTER Premium Canvas Foot Hammock - Comfortable Feet Hammock Under Desk Footrest Stool, Ergonomic, Adjustable & Portable Foot Rest Hammock Stand for Office and Home, Black","DEMTER","$16.99","Office Products","43,637","27","$459","98","3.5","FBA","7","B07CWY8JF8","https://www.amazon.com/dp/B07CWY8JF8"
"122","SlowTon Travel Foot Rest and Sleep Mask set, Portable Footrest Flight Relaxed and Comfortable Foot Rest Adjustable Height Office Hammock Super-smooth Silk Sleep Eye Mask (Black)","SlowTon","$12.99","Home & Kitchen","127,951","90","$1,169","3","5","FBA","N.A.","B078JYZP8G","https://www.amazon.com/dp/B078JYZP8G"
"123","Foot Rest Cushion for Under Desk  Ergonomic Half Cylinder Pad Bolster That Fits on Heel Arc Or Back Ankle | Anti Slip Cover & Feet Support Pillow for Home, Office Or Spa","Moodino","$25.75","Office Products","44,572","23","$592","4","5","N.A.","8","B07BS15BMQ","https://www.amazon.com/dp/B07BS15BMQ"
"124","Mount-It! Ergonomic Footrest With Massaging Rollers Adjustable Angle and Height Office Foot Rest Stool For Under Desk Support, 18 x 13 In, 3-Level Height Adjustment, Black","Mount-It!","$37.99","Office Products","44,868","17","$646","7","3","FBA","7","B07BDP3YV6","https://www.amazon.com/dp/B07BDP3YV6"
"125","VIVO Black Ergonomic Height Adjustable Standing Foot Rest Relief Platform for Standing Desk (STAND-FT01)","VIVO","$44.99","Office Products","47,129","120","$5,399","13","4","FBA","7","B0763RMV58","https://www.amazon.com/dp/B0763RMV58"
"126","Adjustable Footrest for Home Office, Or Under Desk Ergonomic Massaging Foot Rest (Footstool) (Standard)","HomeTown Market","$98.88","Office Products","47,144","40","$3,955","4","4.5","FBA","6","B07DB2YNKM","https://www.amazon.com/dp/B07DB2YNKM"
"127","PRAVETTE Ergonomic Foot Rest (Travel, Airplane) - Black","PRAVETTE","$9.99","Home & Kitchen","148,867","60","$599","0","N.A.","N.A.","6","B07FPDRMR6","https://www.amazon.com/dp/B07FPDRMR6"
"128","Safco Products 2106 Ergo-Comfort 8 High Adjustable Footrest, Black","Safco Products","$42.34","Home & Kitchen","152,297","54","$2,286","272","4","N.A.","4","B001MS6VUW","https://www.amazon.com/dp/B001MS6VUW"
"129","MyGift 15-inch Burnt Wood Ergonomic Under-Desk Footrest","MyGift","$29.99","Office Products","48,616","11","$330","0","N.A.","FBA","7","B07C2BXLYD","https://www.amazon.com/dp/B07C2BXLYD"
"130","Aidata FR003 Ergo Plus Footrest, Ergonomic Design, Foot Stand Stool Rest, Adjustable","Aidata","$19.99","Office Products","49,217","10","$200","17","3.5","FBA","3","B008DEAN66","https://www.amazon.com/dp/B008DEAN66"
"131","Wooden Folding Foot Rest","MSR","$19.95","Office Products","51,284","54","$1,077","24","4","FBA","3","B01M149FKU","https://www.amazon.com/dp/B01M149FKU"
"132","Elelink Portable Adjustable Mini Office Foot Rest/Foot Stool Stand Desk Foot Hammock with Headphones Holder, Footrest with Upgraded Screw In Rubber Clamps Suitable for All Desk Types(Black)","Elelink","$17.70","Home & Kitchen","164,829","60","$1,062","4","5","FBA","N.A.","B01LXXOHD1","https://www.amazon.com/dp/B01LXXOHD1"
"133","Auto Adjustable Footrest,Ergonomic Comfortable Height-Adjustable Footstool for Home and Office (Heavy Frame)","Annstory","$63.99","Office Products","53,600","43","$2,752","13","4","FBA","5","B076T1J7V1","https://www.amazon.com/dp/B076T1J7V1"
"134","Airplane Footrest Foot Rest for Airplane Travel Office, Portable Hammock Footrest with Memory Foam Plus Sleep Mask and Earplugs Travel Accessories Portable Carry-on for Sleep Relax","Anxingo","$11.56","Office Products","54,822","73","$844","3","5","FBA","N.A.","B07CRJM7D6","https://www.amazon.com/dp/B07CRJM7D6"
"135","Halter F6033 Premium Ergonomic Foot Rest - 16.3 X 11.8 - Adjustable Angle & 2 Different Height Positions - Black","Halter","$19.99","Office Products","56,442","52","$1,039","46","3","FBA","4","B01MTAH1AO","https://www.amazon.com/dp/B01MTAH1AO"
"136","Adjustable Footrest For Home Office, Or Under Desk ergonomic Massaging Foot Rest (Footstool) (Massaging Adjustable)","HomeTown Market","$108.88","Office Products","53,586","25","$2,722","4","4.5","FBA","6","B07D26HWGX","https://www.amazon.com/dp/B07D26HWGX"
"137","Foot Hammock Under Desk | Desk Foot Rest Hammock Office | Under The Desk Hammock for Feet Suitable for All Desk Types & Bonus Included by 5fold Products (Red)","5FOLD PRODUCTS","$20.69","Office Products","59,694","36","$745","45","4.5","FBA","7","B078MKRMKN","https://www.amazon.com/dp/B078MKRMKN"
"138","CHUANGLI Portable Foot Hammock Resting Foot Swing Footrest Adjustable Mini Office Foot Rest Desk Travel Pillows Leg Hammock Orange","CHUANGLI","$14.99","Patio, Lawn & Garden","43,257","60","$899","0","N.A.","FBA","N.A.","B06X6LR7NK","https://www.amazon.com/dp/B06X6LR7NK"
"139","Foot Rest-Portable Adjustable Height Travel Accessories,Foot Rest Hammock,Travel Footrest for Office Bus Airplane (Black)","FuWinet","$9.99","Office Products","62,479","12","$120","1","5","N.A.","N.A.","B07B9X4HH3","https://www.amazon.com/dp/B07B9X4HH3"
"140","ergoCentric Leg Rest, LR","Ergocentric","$140.00","Office Products","63,352","27","$3,780","15","5","N.A.","N.A.","B005QHJ1NY","https://www.amazon.com/dp/B005QHJ1NY"
"141","Mount-It! Ergonomic Footrest Adjustable Angle and Height Office Foot Rest Stool For Under Desk Support, 18 x 14 In, 3-Level Height Adjustment, Black (MI-7804)","Mount-It!","$22.49","Office Products","64,424","84","$1,889","93","3.5","FBA","5","B01N6ILZ4I","https://www.amazon.com/dp/B01N6ILZ4I"
"142","Foot Rest Cushion, Half Cylinder Design, for Home and Office (Large 17.7  Long by 11.8 Wide by 6 Tall)","Essentials Home & Office","$24.75","Office Products","60,752","78","$1,931","145","4.5","FBA","4","B01CUOPYWM","https://www.amazon.com/dp/B01CUOPYWM"
"143","Kensington 56144 Solemate Plus Adjustable Footrest With Foam Pad","Kensington","$46.15","Home & Kitchen","215,836","60","$2,769","40","4","N.A.","3","B0002DR45E","https://www.amazon.com/dp/B0002DR45E"
"144","Mini Office Foot Rest Stand, Adjustable Desk Feet Hammock Replace Footstools for Home, Office Study and Relaxing, 1pc/Box (Black)","Maddott","$11.99","Office Products","68,130","43","$516","16","3.5","FBA","4","B0748844CP","https://www.amazon.com/dp/B0748844CP"
"145","EWH Portable Foot Rest","North Coast","$40.00","Office Products","70,257","37","$1,480","134","4","N.A.","3","B000ASB6E6","https://www.amazon.com/dp/B000ASB6E6"
"146","KARECEL Foot Rest Airplane Footrest Plus Eye Mask, [Upgraded] Foot Hammock Office Under Desk Footrest with Contoured Memory Foam Sleep Mask, Portable Footrest Travel Accessories for Home Plane Bus","Karecel","$13.99","Office Products","70,296","68","$951","0","N.A.","N.A.","7","B07DHKNH2Y","https://www.amazon.com/dp/B07DHKNH2Y"
"147","Airplane Footrest Travel Footrest Portable Adjustable Travel Foot Hammock for Airplane Office","Femose","$16.99","Office Products","70,486","13","$221","0","N.A.","FBA","6","B07D6MDRRG","https://www.amazon.com/dp/B07D6MDRRG"
"148","Stroller Footrest, Footrest Footboard Sleepping Extend Board For Babyzen YOYO YOYO+ Stroller Prams","ROMIRUS","$18.99","Baby","30,358","37","$703","3","4","FBA","N.A.","B073PWTZKH","https://www.amazon.com/dp/B073PWTZKH"
"149","Foot Rest Airplane Travel Footrests Hammock, 2PCS under Desk Footrest for Office (Black)","Petutu","N.A.","Office Products","71,924","90","N.A.","2","5","N.A.","N.A.","B07BF5QGLB","https://www.amazon.com/dp/B07BF5QGLB"
"150","Fellowes I-Spire Series Foot Cushion/Rest, Black (9472801)","Fellowes","$25.00","Office Products","72,415","< 5","< $125","24","3.5","N.A.","5","B0114MSJP0","https://www.amazon.com/dp/B0114MSJP0"
"151","phelrena Foot Rest,New-Type Portable Adjustable Height Travel Footrest Flight Carry-on Foot Rest Travel Accessories and Office Foot Rests, Best Footrests Hammock for Office Bus Airplane (Black)","phelrena","$9.99","Home & Kitchen","80,991","102","$1,019","53","3.5","FBA","7","B071WJP9MC","https://www.amazon.com/dp/B071WJP9MC"
"152","Office Foot Rest - Therapeutic Grade Memory Foam Cushion Footrest Stool For Under Desk, Home - Elevates & Booster Sore Feet","Desk Jockey","$27.99","Home & Kitchen","91,253","92","$2,575","118","4","FBA","7","B01AK63JXS","https://www.amazon.com/dp/B01AK63JXS"
"153","Alapi - Foot Rest Cushion for Under Desk Decrease Foot Pain at Home Or Office, Non-Slip Lower Surface and Optimum Leg Clearance, Premium Memory Foam Half Moon Bolster Cylinder Design with Cooling Gel","Alapi","$20.92","Office Products","29,250","112","$2,343","11","4.5","N.A.","7","B07C4P7B89","https://www.amazon.com/dp/B07C4P7B89"
"154","Huluwa Foot Hammock Portable Adjustable Office Foot Rest, Mini Under Desk Foot Rest Hammock For Home, Office Study and Relaxing, Black","Huluwa","$11.99","Office Products","29,490","60","$719","10","4.5","FBA","N.A.","B071ZH4BPR","https://www.amazon.com/dp/B071ZH4BPR"
"155","Sleepy Ride - Portable Airplane Footrest (Jet Black)","Sleepy Ride","$14.97","Office Products","31,149","55","$823","49","4","FBA","3","B01D59X7WK","https://www.amazon.com/dp/B01D59X7WK"
"156","Self-Mate Ergonomic Footrest With Adjustable Tilt Angle And Height Position  Comfortable Office Feet Platform with Non-Slip Surface  Improves Posture and Blood Circulation","Self-Mate","$27.99","Office Products","31,163","72","$2,015","14","4","FBA","6","B0722VGX6L","https://www.amazon.com/dp/B0722VGX6L"
"157","Safco Products 2105 Ergo-Comfort 5 High Adjustable Footrest, Black","Safco Products","$26.53","Office Products","31,256","48","$1,273","272","4","N.A.","3","B0013PBSW0","https://www.amazon.com/dp/B0013PBSW0"
"158","Standing Desk Foot Stool | Adjustable Height Ergonomic Footrest Stool for Under Desk Support and for Stand up Desks (Black)","DeskRiser","$39.00","Office Products","33,211","30","$1,170","8","4.5","N.A.","5","B07BTK5Y5K","https://www.amazon.com/dp/B07BTK5Y5K"
"159","Portable Footrest Black","Econo High","$39.00","Office Products","33,413","119","$4,641","402","4.5","FBA","N.A.","B0040529OG","https://www.amazon.com/dp/B0040529OG"
"160","Office Ergonomic Footrest/Computer Fool Stool Under Desk Support/Adjustable foot Stand/Foot Riser w Non-Slip Surface No Rock Back Pain Relief (Black/Gray)","MAX SMART","$31.57","Office Products","33,513","52","$1,642","10","4","N.A.","5","B01G4VHSRG","https://www.amazon.com/dp/B01G4VHSRG"
"161","Nakimo Foot Hammock with An Extra Canvas as A Replacement - Portable Office Under Desk Footrest with Adjustable Durable Ropes, Black","Nakimo","$14.99","Office Products","34,108","60","$899","0","N.A.","N.A.","7","B07CZ3KBV4","https://www.amazon.com/dp/B07CZ3KBV4"
"162","Fellowes Climate Control Footrest (8030901)","Fellowes","$16.43","Office Products","35,216","70","$1,150","263","4","N.A.","5","B0032OREFU","https://www.amazon.com/dp/B0032OREFU"
"163","Easy Living Foot Rest Cushion Under Desk  High Rebounding Foam, Non-Slip Bottom Surface, Optimum Knee Clearance Under Desk  Ergonomically Designed, Your Feet Will Love for Office, Home, Travel","Easy Living","N.A.","Office Products","35,526","380","N.A.","46","5","N.A.","8","B07C97MXNT","https://www.amazon.com/dp/B07C97MXNT"
"164","Safco Products 92311 Remedease Foot Cushion, Black","Safco Products","$31.60","Home & Kitchen","115,205","45","$1,422","831","4.5","N.A.","5","B001MS6XW8","https://www.amazon.com/dp/B001MS6XW8"
"165","Mount-It! Height Adjustable Foot Rest for Standing and Sitting, Freestanding Under the Desk Footrest with Handle and Six Height Settings, Anti-Slip Padded Surface","Mount-It!","$51.99","Office Products","34,667","23","$1,196","5","4","FBA","7","B07583JMB3","https://www.amazon.com/dp/B07583JMB3"
"166","Innovative Compact Portable Footrest Purple - Made In USA","Econo High","$39.00","Office Products","35,203","57","$2,223","402","4.5","FBA","6","B0791MD9R2","https://www.amazon.com/dp/B0791MD9R2"
"167","Business Source Rocking Footrest, 17-3/4 by 13-7/8 by 3-Inch, Black","Business Source","$19.99","Office Products","34,663","14","$280","104","4","FBA","3","B004E3ECRQ","https://www.amazon.com/dp/B004E3ECRQ"
"168","Halter Adjustable Angle Foot Rest - F7012 Premium Footrest, 13.8 X 17.7 - For Office & Home, Adjustable Angle Positions - Black","Halter","$24.99","Health & Household","69,406","123","$3,074","93","4.5","FBA","5","B01IS05UB2","https://www.amazon.com/dp/B01IS05UB2"
"169","AGPtEK Adjustable Ergonomic Foot Rest for Office and Home Use, Foot Stand Under Desk, Adjustable Angle & 3 Different Height Positions, 18.1 X 13.3 - Black","AGPTEK","$26.99","Office Products","39,635","45","$1,215","8","4","FBA","N.A.","B071PFN4Z5","https://www.amazon.com/dp/B071PFN4Z5"
"170","Kantek Premium Adjustable Footrest with Rollers, 4 to 6.5 Inch Height, Black (FR750)","Kantek","$13.74","Office Products","38,993","49","$673","244","3.5","N.A.","6","B004RTT8DA","https://www.amazon.com/dp/B004RTT8DA"
"171","DEMTER Premium Canvas Foot Hammock - Comfortable Feet Hammock Under Desk Footrest Stool, Ergonomic, Adjustable & Portable Foot Rest Hammock Stand for Office and Home, Black","DEMTER","$16.99","Office Products","43,637","27","$459","98","3.5","FBA","7","B07CWY8JF8","https://www.amazon.com/dp/B07CWY8JF8"
"172","SlowTon Travel Foot Rest and Sleep Mask set, Portable Footrest Flight Relaxed and Comfortable Foot Rest Adjustable Height Office Hammock Super-smooth Silk Sleep Eye Mask (Black)","SlowTon","$12.99","Home & Kitchen","127,951","90","$1,169","3","5","FBA","N.A.","B078JYZP8G","https://www.amazon.com/dp/B078JYZP8G"
"173","Foot Rest Cushion for Under Desk  Ergonomic Half Cylinder Pad Bolster That Fits on Heel Arc Or Back Ankle | Anti Slip Cover & Feet Support Pillow for Home, Office Or Spa","Moodino","$25.75","Office Products","44,572","23","$592","4","5","N.A.","8","B07BS15BMQ","https://www.amazon.com/dp/B07BS15BMQ"
"174","Mount-It! Ergonomic Footrest With Massaging Rollers Adjustable Angle and Height Office Foot Rest Stool For Under Desk Support, 18 x 13 In, 3-Level Height Adjustment, Black","Mount-It!","$37.99","Office Products","44,868","17","$646","7","3","FBA","7","B07BDP3YV6","https://www.amazon.com/dp/B07BDP3YV6"
"175","VIVO Black Ergonomic Height Adjustable Standing Foot Rest Relief Platform for Standing Desk (STAND-FT01)","VIVO","$44.99","Office Products","47,129","120","$5,399","13","4","FBA","7","B0763RMV58","https://www.amazon.com/dp/B0763RMV58"
"176","Adjustable Footrest for Home Office, Or Under Desk Ergonomic Massaging Foot Rest (Footstool) (Standard)","HomeTown Market","$98.88","Office Products","47,144","40","$3,955","4","4.5","FBA","6","B07DB2YNKM","https://www.amazon.com/dp/B07DB2YNKM"
"177","PRAVETTE Ergonomic Foot Rest (Travel, Airplane) - Black","PRAVETTE","$9.99","Home & Kitchen","148,867","60","$599","0","N.A.","N.A.","6","B07FPDRMR6","https://www.amazon.com/dp/B07FPDRMR6"
"178","Safco Products 2106 Ergo-Comfort 8 High Adjustable Footrest, Black","Safco Products","$42.34","Home & Kitchen","152,297","54","$2,286","272","4","N.A.","4","B001MS6VUW","https://www.amazon.com/dp/B001MS6VUW"
"179","MyGift 15-inch Burnt Wood Ergonomic Under-Desk Footrest","MyGift","$29.99","Office Products","48,616","11","$330","0","N.A.","FBA","7","B07C2BXLYD","https://www.amazon.com/dp/B07C2BXLYD"
"180","Aidata FR003 Ergo Plus Footrest, Ergonomic Design, Foot Stand Stool Rest, Adjustable","Aidata","$19.99","Office Products","49,217","10","$200","17","3.5","FBA","3","B008DEAN66","https://www.amazon.com/dp/B008DEAN66"
"181","Wooden Folding Foot Rest","MSR","$19.95","Office Products","51,284","54","$1,077","24","4","FBA","3","B01M149FKU","https://www.amazon.com/dp/B01M149FKU"
"182","Elelink Portable Adjustable Mini Office Foot Rest/Foot Stool Stand Desk Foot Hammock with Headphones Holder, Footrest with Upgraded Screw In Rubber Clamps Suitable for All Desk Types(Black)","Elelink","$17.70","Home & Kitchen","164,829","60","$1,062","4","5","FBA","N.A.","B01LXXOHD1","https://www.amazon.com/dp/B01LXXOHD1"
"183","Auto Adjustable Footrest,Ergonomic Comfortable Height-Adjustable Footstool for Home and Office (Heavy Frame)","Annstory","$63.99","Office Products","53,600","43","$2,752","13","4","FBA","5","B076T1J7V1","https://www.amazon.com/dp/B076T1J7V1"
"184","Airplane Footrest Foot Rest for Airplane Travel Office, Portable Hammock Footrest with Memory Foam Plus Sleep Mask and Earplugs Travel Accessories Portable Carry-on for Sleep Relax","Anxingo","$11.56","Office Products","54,822","73","$844","3","5","FBA","N.A.","B07CRJM7D6","https://www.amazon.com/dp/B07CRJM7D6"
"185","Halter F6033 Premium Ergonomic Foot Rest - 16.3 X 11.8 - Adjustable Angle & 2 Different Height Positions - Black","Halter","$19.99","Office Products","56,442","52","$1,039","46","3","FBA","4","B01MTAH1AO","https://www.amazon.com/dp/B01MTAH1AO"
"186","Adjustable Footrest For Home Office, Or Under Desk ergonomic Massaging Foot Rest (Footstool) (Massaging Adjustable)","HomeTown Market","$108.88","Office Products","53,586","25","$2,722","4","4.5","FBA","6","B07D26HWGX","https://www.amazon.com/dp/B07D26HWGX"
"187","Foot Hammock Under Desk | Desk Foot Rest Hammock Office | Under The Desk Hammock for Feet Suitable for All Desk Types & Bonus Included by 5fold Products (Red)","5FOLD PRODUCTS","$20.69","Office Products","59,694","36","$745","45","4.5","FBA","7","B078MKRMKN","https://www.amazon.com/dp/B078MKRMKN"
"188","CHUANGLI Portable Foot Hammock Resting Foot Swing Footrest Adjustable Mini Office Foot Rest Desk Travel Pillows Leg Hammock Orange","CHUANGLI","$14.99","Patio, Lawn & Garden","43,257","60","$899","0","N.A.","FBA","N.A.","B06X6LR7NK","https://www.amazon.com/dp/B06X6LR7NK"
"189","Foot Rest-Portable Adjustable Height Travel Accessories,Foot Rest Hammock,Travel Footrest for Office Bus Airplane (Black)","FuWinet","$9.99","Office Products","62,479","12","$120","1","5","N.A.","N.A.","B07B9X4HH3","https://www.amazon.com/dp/B07B9X4HH3"
"190","ergoCentric Leg Rest, LR","Ergocentric","$140.00","Office Products","63,352","27","$3,780","15","5","N.A.","N.A.","B005QHJ1NY","https://www.amazon.com/dp/B005QHJ1NY"
"191","Mount-It! Ergonomic Footrest Adjustable Angle and Height Office Foot Rest Stool For Under Desk Support, 18 x 14 In, 3-Level Height Adjustment, Black (MI-7804)","Mount-It!","$22.49","Office Products","64,424","84","$1,889","93","3.5","FBA","5","B01N6ILZ4I","https://www.amazon.com/dp/B01N6ILZ4I"
"192","Foot Rest Cushion, Half Cylinder Design, for Home and Office (Large 17.7  Long by 11.8 Wide by 6 Tall)","Essentials Home & Office","$24.75","Office Products","65,410","78","$1,931","145","4.5","FBA","4","B01CUOPYWM","https://www.amazon.com/dp/B01CUOPYWM"
"193","Kensington 56144 Solemate Plus Adjustable Footrest With Foam Pad","Kensington","$46.15","Home & Kitchen","215,836","60","$2,769","40","4","N.A.","3","B0002DR45E","https://www.amazon.com/dp/B0002DR45E"
"194","Mini Office Foot Rest Stand, Adjustable Desk Feet Hammock Replace Footstools for Home, Office Study and Relaxing, 1pc/Box (Black)","Maddott","$11.99","Office Products","68,130","43","$516","16","3.5","FBA","4","B0748844CP","https://www.amazon.com/dp/B0748844CP"
"195","EWH Portable Foot Rest","North Coast","$40.00","Office Products","70,257","37","$1,480","134","4","N.A.","3","B000ASB6E6","https://www.amazon.com/dp/B000ASB6E6"
"196","KARECEL Foot Rest Airplane Footrest Plus Eye Mask, [Upgraded] Foot Hammock Office Under Desk Footrest with Contoured Memory Foam Sleep Mask, Portable Footrest Travel Accessories for Home Plane Bus","Karecel","$13.99","Office Products","70,296","68","$951","0","N.A.","N.A.","7","B07DHKNH2Y","https://www.amazon.com/dp/B07DHKNH2Y"
"197","Airplane Footrest Travel Footrest Portable Adjustable Travel Foot Hammock for Airplane Office","Femose","$16.99","Office Products","70,486","13","$221","0","N.A.","FBA","6","B07D6MDRRG","https://www.amazon.com/dp/B07D6MDRRG"
"198","Stroller Footrest, Footrest Footboard Sleepping Extend Board For Babyzen YOYO YOYO+ Stroller Prams","ROMIRUS","$18.99","Baby","28,199","40","$760","3","4","FBA","N.A.","B073PWTZKH","https://www.amazon.com/dp/B073PWTZKH"
"199","Foot Rest Airplane Travel Footrests Hammock, 2PCS under Desk Footrest for Office (Black)","Petutu","N.A.","Office Products","71,924","90","N.A.","2","5","N.A.","N.A.","B07BF5QGLB","https://www.amazon.com/dp/B07BF5QGLB"
"200","Fellowes I-Spire Series Foot Cushion/Rest, Black (9472801)","Fellowes","$25.00","Office Products","72,415","< 5","< $125","24","3.5","N.A.","5","B0114MSJP0","https://www.amazon.com/dp/B0114MSJP0"
"201","phelrena Foot Rest,New-Type Portable Adjustable Height Travel Footrest Flight Carry-on Foot Rest Travel Accessories and Office Foot Rests, Best Footrests Hammock for Office Bus Airplane (Black)","phelrena","$9.99","Home & Kitchen","90,115","102","$1,019","53","3.5","FBA","7","B071WJP9MC","https://www.amazon.com/dp/B071WJP9MC"
"202","Office Foot Rest - Therapeutic Grade Memory Foam Cushion Footrest Stool For Under Desk, Home - Elevates & Booster Sore Feet","Desk Jockey","$27.99","Home & Kitchen","91,253","92","$2,575","118","4","FBA","7","B01AK63JXS","https://www.amazon.com/dp/B01AK63JXS"
"203","Alapi - Foot Rest Cushion for Under Desk Decrease Foot Pain at Home Or Office, Non-Slip Lower Surface and Optimum Leg Clearance, Premium Memory Foam Half Moon Bolster Cylinder Design with Cooling Gel","Alapi","$20.92","Office Products","29,250","112","$2,343","11","4.5","N.A.","7","B07C4P7B89","https://www.amazon.com/dp/B07C4P7B89"
"204","Huluwa Foot Hammock Portable Adjustable Office Foot Rest, Mini Under Desk Foot Rest Hammock For Home, Office Study and Relaxing, Black","Huluwa","$11.99","Office Products","29,490","60","$719","10","4.5","FBA","N.A.","B071ZH4BPR","https://www.amazon.com/dp/B071ZH4BPR"
"205","Sleepy Ride - Portable Airplane Footrest (Jet Black)","Sleepy Ride","$14.97","Office Products","31,149","55","$823","49","4","FBA","3","B01D59X7WK","https://www.amazon.com/dp/B01D59X7WK"
"206","Self-Mate Ergonomic Footrest With Adjustable Tilt Angle And Height Position  Comfortable Office Feet Platform with Non-Slip Surface  Improves Posture and Blood Circulation","Self-Mate","$27.99","Office Products","31,163","72","$2,015","14","4","FBA","6","B0722VGX6L","https://www.amazon.com/dp/B0722VGX6L"
"207","Safco Products 2105 Ergo-Comfort 5 High Adjustable Footrest, Black","Safco Products","$26.53","Office Products","31,256","48","$1,273","272","4","N.A.","3","B0013PBSW0","https://www.amazon.com/dp/B0013PBSW0"
"208","Standing Desk Foot Stool | Adjustable Height Ergonomic Footrest Stool for Under Desk Support and for Stand up Desks (Black)","DeskRiser","$39.00","Office Products","33,211","30","$1,170","8","4.5","N.A.","5","B07BTK5Y5K","https://www.amazon.com/dp/B07BTK5Y5K"
"209","Portable Footrest Black","Econo High","$39.00","Office Products","33,413","119","$4,641","402","4.5","FBA","N.A.","B0040529OG","https://www.amazon.com/dp/B0040529OG"
"210","Office Ergonomic Footrest/Computer Fool Stool Under Desk Support/Adjustable foot Stand/Foot Riser w Non-Slip Surface No Rock Back Pain Relief (Black/Gray)","MAX SMART","$31.57","Office Products","33,513","52","$1,642","10","4","N.A.","5","B01G4VHSRG","https://www.amazon.com/dp/B01G4VHSRG"
"211","Nakimo Foot Hammock with An Extra Canvas as A Replacement - Portable Office Under Desk Footrest with Adjustable Durable Ropes, Black","Nakimo","$14.99","Office Products","34,108","60","$899","0","N.A.","N.A.","7","B07CZ3KBV4","https://www.amazon.com/dp/B07CZ3KBV4"
"212","Fellowes Climate Control Footrest (8030901)","Fellowes","$16.43","Office Products","35,216","70","$1,150","263","4","N.A.","5","B0032OREFU","https://www.amazon.com/dp/B0032OREFU"
"213","Easy Living Foot Rest Cushion Under Desk  High Rebounding Foam, Non-Slip Bottom Surface, Optimum Knee Clearance Under Desk  Ergonomically Designed, Your Feet Will Love for Office, Home, Travel","Easy Living","N.A.","Office Products","35,526","380","N.A.","46","5","N.A.","8","B07C97MXNT","https://www.amazon.com/dp/B07C97MXNT"
"214","Safco Products 92311 Remedease Foot Cushion, Black","Safco Products","$31.60","Home & Kitchen","115,205","45","$1,422","831","4.5","N.A.","5","B001MS6XW8","https://www.amazon.com/dp/B001MS6XW8"
"215","Mount-It! Height Adjustable Foot Rest for Standing and Sitting, Freestanding Under the Desk Footrest with Handle and Six Height Settings, Anti-Slip Padded Surface","Mount-It!","$51.99","Office Products","34,667","23","$1,196","5","4","FBA","7","B07583JMB3","https://www.amazon.com/dp/B07583JMB3"
"216","Innovative Compact Portable Footrest Purple - Made In USA","Econo High","$39.00","Office Products","35,203","57","$2,223","402","4.5","FBA","6","B0791MD9R2","https://www.amazon.com/dp/B0791MD9R2"
"217","Business Source Rocking Footrest, 17-3/4 by 13-7/8 by 3-Inch, Black","Business Source","$19.99","Office Products","38,974","14","$280","104","4","FBA","3","B004E3ECRQ","https://www.amazon.com/dp/B004E3ECRQ"
"218","Halter Adjustable Angle Foot Rest - F7012 Premium Footrest, 13.8 X 17.7 - For Office & Home, Adjustable Angle Positions - Black","Halter","$24.99","Health & Household","69,406","123","$3,074","93","4.5","FBA","5","B01IS05UB2","https://www.amazon.com/dp/B01IS05UB2"
"219","AGPtEK Adjustable Ergonomic Foot Rest for Office and Home Use, Foot Stand Under Desk, Adjustable Angle & 3 Different Height Positions, 18.1 X 13.3 - Black","AGPTEK","$26.99","Office Products","39,635","45","$1,215","8","4","FBA","N.A.","B071PFN4Z5","https://www.amazon.com/dp/B071PFN4Z5"
"220","Kantek Premium Adjustable Footrest with Rollers, 4 to 6.5 Inch Height, Black (FR750)","Kantek","$13.74","Office Products","42,408","49","$673","244","3.5","N.A.","6","B004RTT8DA","https://www.amazon.com/dp/B004RTT8DA"
"221","DEMTER Premium Canvas Foot Hammock - Comfortable Feet Hammock Under Desk Footrest Stool, Ergonomic, Adjustable & Portable Foot Rest Hammock Stand for Office and Home, Black","DEMTER","$16.99","Office Products","43,637","27","$459","98","3.5","FBA","7","B07CWY8JF8","https://www.amazon.com/dp/B07CWY8JF8"
"222","SlowTon Travel Foot Rest and Sleep Mask set, Portable Footrest Flight Relaxed and Comfortable Foot Rest Adjustable Height Office Hammock Super-smooth Silk Sleep Eye Mask (Black)","SlowTon","$12.99","Home & Kitchen","137,935","60","$779","3","5","FBA","N.A.","B078JYZP8G","https://www.amazon.com/dp/B078JYZP8G"
"223","Foot Rest Cushion for Under Desk  Ergonomic Half Cylinder Pad Bolster That Fits on Heel Arc Or Back Ankle | Anti Slip Cover & Feet Support Pillow for Home, Office Or Spa","Moodino","$25.75","Office Products","44,572","23","$592","4","5","N.A.","8","B07BS15BMQ","https://www.amazon.com/dp/B07BS15BMQ"
"224","Mount-It! Ergonomic Footrest With Massaging Rollers Adjustable Angle and Height Office Foot Rest Stool For Under Desk Support, 18 x 13 In, 3-Level Height Adjustment, Black","Mount-It!","$37.99","Office Products","44,868","17","$646","7","3","FBA","7","B07BDP3YV6","https://www.amazon.com/dp/B07BDP3YV6"
"225","VIVO Black Ergonomic Height Adjustable Standing Foot Rest Relief Platform for Standing Desk (STAND-FT01)","VIVO","$44.99","Office Products","47,129","120","$5,399","13","4","FBA","7","B0763RMV58","https://www.amazon.com/dp/B0763RMV58"
"226","Adjustable Footrest for Home Office, Or Under Desk Ergonomic Massaging Foot Rest (Footstool) (Standard)","HomeTown Market","$98.88","Office Products","47,144","40","$3,955","4","4.5","FBA","6","B07DB2YNKM","https://www.amazon.com/dp/B07DB2YNKM"
"227","PRAVETTE Ergonomic Foot Rest (Travel, Airplane) - Black","PRAVETTE","$9.99","Home & Kitchen","148,867","60","$599","0","N.A.","N.A.","6","B07FPDRMR6","https://www.amazon.com/dp/B07FPDRMR6"
"228","Safco Products 2106 Ergo-Comfort 8 High Adjustable Footrest, Black","Safco Products","$42.34","Home & Kitchen","152,297","54","$2,286","272","4","N.A.","4","B001MS6VUW","https://www.amazon.com/dp/B001MS6VUW"
"229","MyGift 15-inch Burnt Wood Ergonomic Under-Desk Footrest","MyGift","$29.99","Office Products","48,616","11","$330","0","N.A.","FBA","7","B07C2BXLYD","https://www.amazon.com/dp/B07C2BXLYD"
"230","Aidata FR003 Ergo Plus Footrest, Ergonomic Design, Foot Stand Stool Rest, Adjustable","Aidata","$19.99","Office Products","49,217","10","$200","17","3.5","FBA","3","B008DEAN66","https://www.amazon.com/dp/B008DEAN66"
"231","Wooden Folding Foot Rest","MSR","$19.95","Office Products","51,284","54","$1,077","24","4","FBA","3","B01M149FKU","https://www.amazon.com/dp/B01M149FKU"
"232","Elelink Portable Adjustable Mini Office Foot Rest/Foot Stool Stand Desk Foot Hammock with Headphones Holder, Footrest with Upgraded Screw In Rubber Clamps Suitable for All Desk Types(Black)","Elelink","$17.70","Home & Kitchen","164,829","60","$1,062","4","5","FBA","N.A.","B01LXXOHD1","https://www.amazon.com/dp/B01LXXOHD1"
"233","Auto Adjustable Footrest,Ergonomic Comfortable Height-Adjustable Footstool for Home and Office (Heavy Frame)","Annstory","$63.99","Office Products","53,600","43","$2,752","13","4","FBA","5","B076T1J7V1","https://www.amazon.com/dp/B076T1J7V1"
"234","Airplane Footrest Foot Rest for Airplane Travel Office, Portable Hammock Footrest with Memory Foam Plus Sleep Mask and Earplugs Travel Accessories Portable Carry-on for Sleep Relax","Anxingo","$11.56","Office Products","54,822","73","$844","3","5","FBA","N.A.","B07CRJM7D6","https://www.amazon.com/dp/B07CRJM7D6"
"235","Halter F6033 Premium Ergonomic Foot Rest - 16.3 X 11.8 - Adjustable Angle & 2 Different Height Positions - Black","Halter","$19.99","Office Products","56,442","52","$1,039","46","3","FBA","4","B01MTAH1AO","https://www.amazon.com/dp/B01MTAH1AO"
"236","Adjustable Footrest For Home Office, Or Under Desk ergonomic Massaging Foot Rest (Footstool) (Massaging Adjustable)","HomeTown Market","$108.88","Office Products","53,586","25","$2,722","4","4.5","FBA","6","B07D26HWGX","https://www.amazon.com/dp/B07D26HWGX"
"237","Foot Hammock Under Desk | Desk Foot Rest Hammock Office | Under The Desk Hammock for Feet Suitable for All Desk Types & Bonus Included by 5fold Products (Red)","5FOLD PRODUCTS","$20.69","Office Products","59,694","36","$745","45","4.5","FBA","7","B078MKRMKN","https://www.amazon.com/dp/B078MKRMKN"
"238","CHUANGLI Portable Foot Hammock Resting Foot Swing Footrest Adjustable Mini Office Foot Rest Desk Travel Pillows Leg Hammock Orange","CHUANGLI","$14.99","Patio, Lawn & Garden","43,257","60","$899","0","N.A.","FBA","N.A.","B06X6LR7NK","https://www.amazon.com/dp/B06X6LR7NK"
"239","Foot Rest-Portable Adjustable Height Travel Accessories,Foot Rest Hammock,Travel Footrest for Office Bus Airplane (Black)","FuWinet","$9.99","Office Products","62,479","12","$120","1","5","N.A.","N.A.","B07B9X4HH3","https://www.amazon.com/dp/B07B9X4HH3"
"240","ergoCentric Leg Rest, LR","Ergocentric","$140.00","Office Products","63,352","27","$3,780","15","5","N.A.","N.A.","B005QHJ1NY","https://www.amazon.com/dp/B005QHJ1NY"
"241","Mount-It! Ergonomic Footrest Adjustable Angle and Height Office Foot Rest Stool For Under Desk Support, 18 x 14 In, 3-Level Height Adjustment, Black (MI-7804)","Mount-It!","$22.49","Office Products","64,424","84","$1,889","93","3.5","FBA","5","B01N6ILZ4I","https://www.amazon.com/dp/B01N6ILZ4I"
"242","Foot Rest Cushion, Half Cylinder Design, for Home and Office (Large 17.7  Long by 11.8 Wide by 6 Tall)","Essentials Home & Office","$24.75","Office Products","65,410","78","$1,931","145","4.5","FBA","4","B01CUOPYWM","https://www.amazon.com/dp/B01CUOPYWM"
"243","Kensington 56144 Solemate Plus Adjustable Footrest With Foam Pad","Kensington","$46.15","Home & Kitchen","215,836","60","$2,769","40","4","N.A.","3","B0002DR45E","https://www.amazon.com/dp/B0002DR45E"
"244","Mini Office Foot Rest Stand, Adjustable Desk Feet Hammock Replace Footstools for Home, Office Study and Relaxing, 1pc/Box (Black)","Maddott","$11.99","Office Products","68,130","43","$516","16","3.5","FBA","4","B0748844CP","https://www.amazon.com/dp/B0748844CP"
"245","EWH Portable Foot Rest","North Coast","$40.00","Office Products","70,257","37","$1,480","134","4","N.A.","3","B000ASB6E6","https://www.amazon.com/dp/B000ASB6E6"
"246","KARECEL Foot Rest Airplane Footrest Plus Eye Mask, [Upgraded] Foot Hammock Office Under Desk Footrest with Contoured Memory Foam Sleep Mask, Portable Footrest Travel Accessories for Home Plane Bus","Karecel","$13.99","Office Products","70,296","68","$951","0","N.A.","N.A.","7","B07DHKNH2Y","https://www.amazon.com/dp/B07DHKNH2Y"
"247","Airplane Footrest Travel Footrest Portable Adjustable Travel Foot Hammock for Airplane Office","Femose","$16.99","Office Products","70,486","13","$221","0","N.A.","FBA","6","B07D6MDRRG","https://www.amazon.com/dp/B07D6MDRRG"
"248","Stroller Footrest, Footrest Footboard Sleepping Extend Board For Babyzen YOYO YOYO+ Stroller Prams","ROMIRUS","$18.99","Baby","30,358","37","$703","3","4","FBA","N.A.","B073PWTZKH","https://www.amazon.com/dp/B073PWTZKH"
"249","Foot Rest Airplane Travel Footrests Hammock, 2PCS under Desk Footrest for Office (Black)","Petutu","N.A.","Office Products","71,924","90","N.A.","2","5","N.A.","N.A.","B07BF5QGLB","https://www.amazon.com/dp/B07BF5QGLB"
"250","Fellowes I-Spire Series Foot Cushion/Rest, Black (9472801)","Fellowes","$25.00","Office Products","72,415","< 5","< $125","24","3.5","N.A.","5","B0114MSJP0","https://www.amazon.com/dp/B0114MSJP0"